EU/EEA and the UK,Cases,Deaths,Reported cases per 100 000 population,Reported deaths per 100 000 population
Spain,213024,22157,455.9223,47.42128
Italy,189973,25549,314.362,42.27777
Germany,150383,5321,181.3418,6.416415
United_Kingdom,138078,18738,207.6705,28.18211
France,120804,21856,180.3388,32.62711
Belgium,42797,6490,374.687,56.81983
Netherlands,35729,4177,207.3528,24.24117
Portugal,22353,820,217.4044,7.975287
Ireland,17607,794,362.7687,16.35931
Sweden,16755,2021,164.5361,19.84646
Austria,14985,508,169.3787,5.742035
Poland,10511,454,27.67615,1.195412
Romania,10096,527,51.84365,2.706181
Denmark,8073,394,139.251,6.796096
Norway,7345,180,138.2111,3.387065
Czechia,7188,213,67.64734,2.004575
Finland,4284,172,77.63612,3.117043
Luxembourg,3665,83,603.0658,13.65743
Greece,2463,125,22.95932,1.165211
Hungary,2383,250,24.39403,2.559172
Croatia,1981,50,48.44231,1.222673
Iceland,1789,10,505.9761,2.828262
Estonia,1592,45,120.5253,3.406809
Lithuania,1410,40,50.54609,1.433932
Slovenia,1366,79,66.07422,3.821276
Slovakia,1325,15,24.32527,0.27538
Bulgaria,1097,52,15.6174,0.740296
Cyprus,795,17,66.84801,1.429454
Latvia,778,11,40.38324,0.570971
Malta,445,3,92.03152,0.620437
Liechtenstein,82,1,216.3018,2.637826
Total,1031156,111152, , 
